track_id,track_name,artists,year,years_active
2K7xn816oNHJZ0aVqdQsha,Softcore,The Neighbourhood,"[2022, 2024]",2
5XeFesFbtLpXzIVDNQP22n,I Wanna Be Yours,Arctic Monkeys,"[2022, 2025]",2
4LRPiXqCikLlN15c3yImP7,As It Was,Harry Styles,"[2022, 2025]",2
3G47RiG2PrvEVo4panDHi9,Be Gone Thot!,LIL MAYO,"[2019, 2020]",2
696DnlkuDOXcMAnKlTgXXK,ROXANNE,Arizona Zervas,"[2019, 2020]",2
01A9Xt0XyeYIzC9K7MSvua,ICEWHORE! - slowed,Lumi Athena,[2024],1
5Gj9GytUHWNH3yN8r4Jn0r,Tell Me Why,"Braaheim, Now O Later",[2025],1
5ArQzSBevAdXTxRY6Ulhbq,Mama Said,Lukas Graham,[2020],1
5DqdesEfbRyOlSS3Tf6c29,It's You,Ali Gatie,[2019],1
5E30LdtzQTGqRvNd7l6kG5,Daddy Issues,The Neighbourhood,[2022],1
5G2f63n7IPVPPjfNIGih7Q,Taste,Sabrina Carpenter,[2025],1
5HVlfkBAzYwrtXMgxJQdxO,Häschenparty,Schnuffel,[2023],1
5HCyWlXZPP0y6Gqq8TgA20,STAY (with Justin Bieber),"The Kid LAROI, Justin Bieber",[2021],1
5NaV8CwvM9K5RerxT9tbDS,Saying No,banditism.,[2022],1
5JdLUE9D743ob2RtgmVpVx,Makeba,Jain,[2023],1
5K2onWVFDevmZ5y9AgiEcr,Fluxxwave,Clovis Reyes,[2024],1
5K3SJuYEkvvrLbzOjPyRi1,BABYDOLL (Speed),Ari Abdul,[2024],1
5KBARWIxeMGkvUax9VtVC9,My Type,Saweetie,[2019],1
5ACZOGjT6I5He0pDZED56Z,Wannabe,why mona,[2019],1
59NraMJsLaMCVtwXTSia8i,Prada,"cassö, RAYE, D-Block Europe",[2025],1
59CfNbkERJ3NoTXDvoURjj,Boyfriend,Dove Cameron,[2022],1
58wyJLv6yH1La9NIZPl3ne,Can We Kiss Forever?,"Kina, Adriana Proenza",[2020],1
51Fjme0JiitpyXKuyQiCDo,Lalala,"Y2K, bbno$",[2019],1
51ZQ1vr10ffzbwIjDCwqm4,we can't be friends (wait for your love),Ariana Grande,[2025],1
51rXHuKN8Loc4sUlKPODgH,"King's Dead (with Kendrick Lamar, Future & James Blake)","Jay Rock, Kendrick Lamar, Future, James Blake",[2021],1
527k23H0A4Q0UJN3vGs0Da,After Party,Don Toliver,[2020],1
52eIcoLUM25zbQupAZYoFh,redrum,21 Savage,[2025],1
53jnnqFSRGMDB9ADrNriCA,Bloody Mary,Lady Gaga,[2022],1
53yWQ1FObrwPlVYCZdR6es,Liar,BigKlit,[2019],1
5496lks6V3fh1mZAB6IAap,Alibi (with Pabllo Vittar & Yseult),"Sevdaliza, Pabllo Vittar, Yseult",[2025],1
54IHyBqqUjslbwtkSGVo4Z,Doggy Doggy,"El Alfa, Braulio Fogon",[2023],1
54KFQB6N4pn926IUUYZGzK,To Build A Home,"The Cinematic Orchestra, Patrick Watson",[2020],1
55CHeLEfn5iJ0IIkgaa4si,Savage,Megan Thee Stallion,[2020],1
5619Ojc6t9evEEs3B7Drhe,Shake It,Metro Station,[2019],1
56JyMaElW79S7TDWh1Zw1m,On A Roll,Ashley O,[2019],1
56YnSY2VyWLJPijfrzK6Gc,die (sped up),"lucidbeatz, Key Kelly",[2024],1
58IHCvoCPfMNS0WrK7JnSg,Gm Say It Back,Killua the Pilgrim,[2019],1
5N3hjp1WNayUPZrA8kJmJP,Please Please Please,Sabrina Carpenter,[2025],1
5QTbSuoVxRZLch1FkUFaIz,ALL IN,ZaeHD & CEO,[2019],1
5NxjQuevCs0kaOk2IQ3eQk,VVV,"mikeeysmind, Sanikwave",[2024],1
5jEIlegYiGiiKK7ZcyTCaF,SEQUÊNCIA ILUMINANTE,"Y1LIAS, RXPOSO99, DJ FLG",[2024],1
5dW1VZPcFqB4n0P08rGDgm,The Git Up,Blanco Brown,[2019],1
5dvI2ra5dWOV8dAxFgygfE,Bad Hair Day - Sped Up,John Phillips,[2023],1
5fO4ybFbomoSWPB3n2d6pe,Hell Shell,Young Nudy,[2021],1
5fgCbq28X3HE5J6MTnH1rg,Monkey,Wooden Empire,[2025],1
5gDWsRxpJ2lZAffh5p7K0w,Stargirl Interlude,"The Weeknd, Lana Del Rey",[2022],1
5iFwAOB2TFkPJk8sMlxP8g,Make You Mine,PUBLIC,[2019],1
5k5fWendNngd89O8JKoE8L,Better When I'm Dancin',Meghan Trainor,[2020],1
5OxveXfvga2t0se21d96Ow,Bored In The House,"Tyga, Curtis Roach",[2020],1
5k9CZnMvbTryKroi1tkp2S,Who R U,Jufu,[2019],1
5kBM9TCM8EWiqUcZXiUbIF,Pumpkins scream in the dead of night,"Savage Ga$p, 93FEETOFSMOKE, shinigami",[2019],1
5lAnYvAIkSDNXqfo7DyFUm,Ain't Shit,Doja Cat,[2021],1
5lN7UtvhpwEHzifSjKw3z2,Woah (feat. D3Mstreet),"KRYPTO9095, D3Mstreet",[2019],1
5mjYQaktjmjcMKcUIcqz4s,Strangers,Kenya Grace,[2025],1
5nk6BxN9bM5rLNkA3pMOzn,Tweaker,G3 GELO,[2025],1
5dPy1CCYQ04xaQHpajf5CY,The Lost Soul Down,NBSPLV,[2024],1
5caZgotE4D6elZpd5S4wlX,Clap For 'Em (feat. Flo Milli & Sada Baby),"YungManny, Flo Milli, Sada Baby",[2021],1
5b7OgznPJJr1vHNYGyvxau,Fly Me To The Moon (In Other Words),"Frank Sinatra, Count Basie",[2019],1
5aBfiBLoIznSLQoPZMoPUJ,If We Ever Broke Up - Sped Up,"Mae Stephens, Speed Radio, xxtristanxo",[2023],1
5ZLUm9eab8y3tqQ1OhQSHI,Abracadabra,Lady Gaga,[2025],1
5Z0UnEtpLDQyYlWwgi8m9C,Too Sweet,Hozier,[2025],1
5Y6nVaayzitvsD5F7nr3DV,West Coast,Lana Del Rey,[2022],1
5XtsfMFmpM401S6dbVaOQw,The Lost Soul Down - Slowed & Reverb,NBSPLV,[2024],1
5WviChm62XtV6gqVElQ0qA,Booted Up,Randy Savvy,[2025],1
5WQQIDU3HRaMyPkob8mpFb,Where Have You Been,Rihanna,[2021],1
5UXJzLFdBn6u9FJTCnoHrH,Memories,Conan Gray,[2022],1
5SU2L9BQQ381CKKv5DXYEA,after dark x sweater weather,"daddy's girl, creamy, 11:11 Music Group",[2022],1
5RKQ5NdjSh2QzD4MaunT91,Don't Stop Believin' (2022 Remaster),Journey,[2025],1
5RBOcBpJXaNnHCGViJmYhh,The Perfect Girl,Mareux,[2024],1
5R8dQOPq8haW94K7mgERlO,Poker Face,Lady Gaga,[2024],1
5QmdK8QFbY8TLVKPuJzexD,Dark Beach,Pastel Ghost,[2024],1
4yhzZ9ESp4UwnJqImyMR3A,Mary On A Cross - slowed + reverb,Ghost,[2022],1
50p9gmJMwsz3zyAwoF0FEv,Make It Rain,Travis Porter,[2021],1
4xF4ZBGPZKxECeDFrqSAG4,snowfall,"Øneheart, reidenshi",[2024],1
4xhsWYTOGcal8zt0J161CU,Lovin On Me,Jack Harlow,[2025],1
4Hpib09wXgD84w4uwTPnYD,Tap In,Saweetie,[2021],1
4DpNNXFMMxQEKl7r0ykkWA,Play Date,Melanie Martinez,[2020],1
4EH7FSTBgY669KBqfOwQjD,Way Back,Max Wassen,[2025],1
4EivmOT13NMpNSfTKn9p4s,Like That (feat. Gucci Mane),"Doja Cat, Gucci Mane",[2020],1
4FxQ2F23uO8g2krZRHv6gy,I Wanna Be Yours - Sped Up,Lexz,[2022],1
4GRFzKI7jTZ3kbMfouc7bn,Backstabber,Kesha,[2022],1
4GT3R9aMnSspIzuEcWDCpD,CRACKHEAD,iLOVEFRiDAY,[2019],1
4It00tEYLwpjQtAhqnjCPC,Beez In The Trap,"Nicki Minaj, 2 Chainz",[2021],1
4CIMIZRcwllSonMlzr5wd2,U Was At The Club (Bottoms Up),The Boyboy West Coast,[2019],1
4J2NxCNqehE0MiZhbu97Jx,Beef FloMix,Flo Milli,[2019],1
4JE6agBLHGA5TaF6FlqfBD,As the World Caves In,Matt Maltese,[2021],1
4K9fCsfAZmLogvDKKIRgCa,Tek It,Cafuné,[2022],1
4MVk79dmYqi7HQs0bMgboy,Ghost Duet,Louie Zong,[2019],1
4Mqzpgp8q3dKlvNKEB5jm3,Feels Like You,"Iaco, Gali",[2025],1
4P6BuLsqtg5uISdE77ypI9,Ayy Ladies (feat. Tyga),"Travis Porter, Tyga",[2021],1
4D1k6x4MXTaSnljSvAXhaf,GMFU (w/ 6arelyhuman),"Odetari, 6arelyhuman",[2024],1
4Bdpn1gSDegE9ZXOIOO0tz,Smooth Operator,"MOONLGHT, nowifi",[2025],1
4Py8h4C5kdNmH74gDzZoeI,It's A Wrap - Sped Up,Mariah Carey,[2023],1
463CkQjx2Zk1yXoBuierM9,Levitating (feat. DaBaby),"Dua Lipa, DaBaby",[2021],1
3vkCueOmm7xQDoJ17W1Pm3,My Love Mine All Mine,Mitski,[2025],1
3vvvVeh0CDDJObHWhwISE6,Banana (feat. Shaggy) - DJ FLe - Minisiren Remix,"Conkarah, Shaggy, DJ Fle",[2020],1
424DkevE18QJazwlljiTD4,Le Monde - From Talk to Me,Richard Carter,[2024],1
42Af5vuvCRGC0t1ohkQlh8,Moulaga - Sped up,"Heuss L'enfoiré, Jul",[2023],1
42VsgItocQwOQC3XWZ8JNA,FE!N (feat. Playboi Carti),"Travis Scott, Playboi Carti",[2025],1
440DONUaYDRuHmNKMJcz0R,✻H+3+ЯД✻7luCJIo0T6...,vyrval,[2024],1
47O5lXcK78Z3TIiGzuc18l,Mr. Sandman,The Chordettes,[2019],1
4BdkP4XroiuVvfRqyO68wc,Wii Shop - Instrumental,Iceboy Ben,[2019],1
47hDuWmh0PU9AARzs5vflv,Crush,Tessa Violet,[2019],1
47wq2z7KMHDRnoSMdZODUA,Something For Your M.I.N.D.,Superorganism,[2020],1
489AYiTB0ylShgV29tihMo,They Call Me Tiago (Her Name Is Margo),Tiagz,[2020],1
48lxT5qJF0yYyf2z4wB4xW,Pedro,"Jaxomy, Agatino Romero, Raffaella Carrà",[2025],1
49X0LAl6faAusYq02PRAY6,Lady - Hear Me Tonight,Modjo,[2020],1
4BP9DU5stL7YA9P2a1kS2U,Bounce When She Walk,"Ohboyprince, Mykfresh, GwallaGangSpec",[2023],1
4P7VFiaZb3xrXoqGwZXC3J,Lollipop,"Lil Wayne, Static Major",[2021],1
4RVwu0g32PAqgUiJoXsdF8,Happier Than Ever,Billie Eilish,[2021],1
5qmq61DAAOUaW8AUo8xKhh,Truth Hurts,Lizzo,[2019],1
4nK5YrxbMGZstTLbvj6Gxw,Supalonely,"BENEE, Gus Dapperton",[2020],1
4kO7mrAPfqIrsKwUOK5BFx,Midnight City,M83,[2019],1
4kRLRWnn5u9wO2wOKAAdEN,Automotivo Bibi Fogosa,"Bibi Babydoll, Dj Brunin XM, KZA Produções",[2024],1
4kTBakk3h2S678cajDcVTw,Latch,"Disclosure, Sam Smith",[2020],1
4l0HxP8wm5iWHqo9myvFsm,Deceptacon,Le Tigre,[2022],1
4lriIG2vNqwDWzOj2I9rtj,Ma Meilleure Ennemie (from the series Arcane League of Legends),"Stromae, Pomme, Arcane",[2025],1
4mZ59jnHHvm3GR3oOwRwjA,Lost Soul,NBSPLV,[2024],1
4q5YezDOIPcoLr8R81x9qy,I Can Do It With a Broken Heart,Taylor Swift,[2025],1
4jTiyLlOJVJj3mCr7yfPQD,This Could Be Us,Rae Sremmurd,[2021],1
4qbEaaJ29p32GI8EWQmm6R,dumb dumb,mazie,[2022],1
4qq73N1TKocRaYGQS23b9u,Fake ID,"Riton, Kah-Lo",[2019],1
4rXLjWdF2ZZpXCVTfWcshS,fukumean,Gunna,[2025],1
4sSu9BtWSCWRNjGD2AvqbG,Psycho!,MASN,[2020],1
4uOBL4DDWWVx4RhYKlPbPC,Queencard,(G)I-DLE,[2023],1
4uUG5RXrOk84mYEfFvj3cK,I'm Good (Blue),"David Guetta, Bebe Rexha",[2025],1
4k6Uh1HXdhtusDW5y8Gbvy,Bad Habit,Steve Lacy,[2022],1
4i7HqWsN7iJzsXpsW5h1nb,Bad Habit - Sped Up,Steve Lacy,[2022],1
4S4QJfBGGrC8jRIjJHf1Ka,Pain,PinkPantheress,[2022],1
4YQgOgIElFtEvwJQ9ArWL7,FΛSHION,Britney Manson,[2024],1
4S8d14HvHb70ImctNgVzQQ,I Love It (& Lil Pump),"Kanye West, Lil Pump",[2019],1
4SqWKzw0CbA05TGszDgMlc,I Love You So,The Walters,[2022],1
4TnjEaWOeW0eKTKIEvJyCa,Falling,Trevor Daniel,[2020],1
4VL5XwfATZuAVTW471Wpro,FUNKED UP - SLOWED,"xxanteria, isq",[2024],1
4W4fNrZYkobj539TOWsLO2,Die For You (with Ariana Grande) - Remix,"The Weeknd, Ariana Grande",[2025],1
4XdP1OCiSv3sc2jKnH2sGN,MONTAGEM DIAMANTE ROSA - SLOWED,vtze archive,[2024],1
4aMrd3aAnuVgGbwdmAQWY4,Shop,Toby Fox,[2019],1
4e8j13g40vQQVdxjHETBpn,Tom's Diner - Sped Up,"WHOCARES, Daniel Best, Jaime Deraz",[2025],1
4aarlAfLKVCTxUDNgbwhjH,Cry Baby (feat. DaBaby),"Megan Thee Stallion, DaBaby",[2021],1
4bQ7mjty0UVlKRalhizpGT,Vanished,Crystal Castles,[2024],1
4bYLspjdlNAV19Ej8bnwzo,,,[2021],1
4cHv3utKbcJrwONVXamDuA,SEQUÊNCIA MALÉFICA 1.0,RXPOSO99,[2024],1
4cS2HQ6jK80vqdY9ofpztx,She Wolf,Shakira,[2020],1
4dZTZbmJBCCofAExHwefda,Lottery (Renegade),K CAMP,[2020],1
5pyoxDZ1PX0KxBxiRVxA4U,BREAK MY SOUL,Beyoncé,[2022],1
5r5cp9IpziiIsR6b93vcnQ,Walking On A Dream,Empire Of The Sun,[2020],1
3rlUxMDbs9DFZn0NaFO305,Sneaky Link,"HXLLYWOOD, Glizzy G",[2021],1
76OGwb5RA9h4FxQPT33ekc,SNAP,Rosa Linn,[2022],1
728leu28MmgNznRIrt7PNc,2000 (sped up),"vowl., Sace",[2024],1
72Bz4ciRZPBcVSw0nrZDHi,Do It Again,"Pia Mia, Chris Brown, Tyga",[2020],1
748mdHapucXQri7IAO8yFK,Kiss Me More (feat. SZA),"Doja Cat, SZA",[2021],1
74fV8TuLZKVzSIOOGu8wwI,Go Stupid (feat. NLE Choppa & Mike WiLL Made-It),"Polo G, Stunna 4 Vegas, NLE Choppa, Mike WiLL Made-It",[2020],1
755inykyaG4w22GWAsA3MX,Marlboro Nights,Lonely God,[2019],1
762B4bOcXF7I2Y8UlKTyTy,Chiquitita,ABBA,[2021],1
78ML3F5Lz3KiNkpnFAaR3q,Good Girls Bad Guys,Falling In Reverse,[2019],1
705aTR8AfFQriJKpkUX0Jf,I FIND THE SUN,Kalu,[2025],1
78qd8dvwea0Gosb6Fe6j3k,Boss Bitch,Doja Cat,[2020],1
79MSEdtXuudhGhC5AtG07g,Break from Toronto,PARTYNEXTDOOR,[2021],1
7Adzy6kc6H1Da4wBVZ1XLN,Sunshine,"Ant Beale, Charlie Heat",[2019],1
7AwT9QW1Fo3ZHYeyztXnQI,Boys,Lizzo,[2019],1
7AzlLxHn24DxjgQX73F9fU,No Idea,Don Toliver,[2020],1
7BbKcMeJq9byJWruNi8Qwo,Take These Stars,Boy Beverly,[2025],1
70FceppUZq9dQz1mDPcHcs,Death Is No More,BLESSED MANE,[2024],1
6z7X1kFAhBl28VRfK4yRTn,Particles (Slowed),Viliam Lane,[2024],1
7CIERzyqIwLVKGp00YbHRO,Pain,PinkPantheress,[2021],1
6tDDoYIxWvMLTdKpjFkc1B,telepatía,Kali Uchis,[2021],1
6qNB2ChCVPepl5ZjVJJTUW,STUPID (feat. Yung Baby Tate),"Ashnikko, Baby Tate",[2019],1
6s2wJJL0u7X8yNcQH0ys2h,"Legs (From ""RuPaul's Drag Race 8"")","Lucian Piane, Myah Marie",[2019],1
6sUQqRmOcRyAG5M3EWXzr3,Don't Lose Ur Head,"SIX, Christina Modestou",[2019],1
6slWUMiyoNNWcQGu6tkTlH,Leni (Crystal Castles vs GoodBooks),"GoodBooks, Crystal Castles",[2022],1
6supMAknraGpJrN5qqYfV8,Good Form (feat. Lil Wayne) - Remix,"Nicki Minaj, Lil Wayne",[2021],1
6t3sBdc5SbMlk5AyGvMei2,3 Vets,The Future Kingz,[2020],1
6tNQ70jh4OwmPGpYy6R2o9,Beautiful Things,Benson Boone,[2025],1
6yv0ZjBlZy2oRFq7jAis2C,Riptide,TWOPILOTS,[2025],1
6uvMKqNlrSvcC4NaKnrwjZ,"Body (Remix) [feat. ArrDee, E1 (3x3), ZT (3x3), Bugzy Malone, Buni, Fivio Foreign & Darkoo]","Tion Wayne, Russ Millions, ArrDee, E1 (3x3), ZT (3x3), Bugzy Malone, Buni, Fivio Foreign, Darkoo",[2021],1
6vQEOP9KgXITsVpFnKSbZ3,Paradise,Braaheim,[2025],1
6vzLbfskWigBsCzNdB0kfE,Boys Ain't Shit,SAYGRACE,[2020],1
6wJYhPfqk3KGhHRG76WzOh,Blueberry Faygo,Lil Mosey,[2020],1
6xT4CGw2JdMqnDxkE5SbZB,Dark Red,Xenoner,[2022],1
6yt46G7lWn0oC2FEZZDsi6,Psycho Dreams (Sped Up),"Kill Eva, ENCASSATOR",[2024],1
7BoobGhD4x5K96Me0hqC8Q,Build a Bitch,Bella Poarch,[2021],1
7CyPwkp0oE8Ro9Dd5CUDjW,"One Of The Girls (with JENNIE, Lily Rose Depp)","The Weeknd, JENNIE, Lily-Rose Depp",[2025],1
6njJR3OIp3oA0Kc4aC9Tzf,MONTAGEM - PR FUNK,"S3BZS, Mc Gw, Mc Menor Do Alvorada",[2024],1
7tXCV0UwFwBxqum6i25you,Coño,"Puri, Jhorrmountain, Adje",[2020],1
7jRC721cBFirOoozPspfhT,40 Days N 40 Nights,Cutsewthedon,[2022],1
7jk7gqyEonmVVYahZN5zhW,Circus,Britney Spears,[2021],1
7lDAa0OYPVKB0NPqXKcbhC,Give me everything - instrumental + sped up,"Barbar60, meyiv, meydown",[2024],1
7nc7mlSdWYeFom84zZ8Wr8,Tell Em,"Cochise, $NOT",[2021],1
7ne4VBA60CxGM75vw0EYad,That’s So True,Gracie Abrams,[2025],1
7pBrj5rt4SSxXwFKOyZfHR,Dissolve,"Absofacto, NITESHIFT",[2019],1
7uWdDOhI3wydISWM1AXN0M,My Potna Dem,$ilkMoney,[2021],1
7hICqTvF8m3qTwhb2TRv0z,Promiscuous Motive,Josiane Lessard,[2021],1
7vOmSP2647oNUGGEhWd1cr,Montagem Mysterious Game,LXNGVX,[2024],1
7wdwIaXUuzlu1grzWMFRJm,Mary On A Cross,Ghost,[2022],1
7x73321FbMqdxsaZBhlyzc,FLORIDA,Arizona Zervas,[2020],1
7x9aauaA9cu6tyfpHnqDLo,Seven (feat. Latto),"Jung Kook, Latto",[2025],1
7yCF65vpc7sUwPjftI0iFb,Happy Nation,Ace of Base,[2024],1
7yFMhCJOsH7khgpdnyrZAZ,Ride,Lana Del Rey,[2022],1
7hyFM8vIb8PyHlIMhz6Xkp,ReYup (feat. Spodee),"Travis Porter, Spodee",[2021],1
7fzHQizxTqy8wTXwlrgPQQ,MILLION DOLLAR BABY,Tommy Richman,[2025],1
7F25roCtYi55JouckaayPC,Judas,Lady Gaga,[2022],1
7MlDNspYwfqnHxORufupwq,"Sex, Drugs, Etc.",Beach Weather,[2022],1
7FIWs0pqAYbP91WWM0vlTQ,Godzilla (feat. Juice WRLD),"Eminem, Juice WRLD",[2020],1
7FbrGaHYVDmfr7KoLIZnQ7,Cupid - Twin Ver.,FIFTY FIFTY,[2023],1
7IOuCLt770D8v0u3SVaDeI,Wasabi,Little Mix,[2019],1
7IzN1BfaQ8fmTHYPRPhNws,Luxury,Azealia Banks,[2021],1
7K9Z3yFNNLv5kwTjQYGjnu,#BrooklynBloodPop!,SyKo,[2021],1
7KA4W4McWYRpgf0fWsJZWB,See You Again (feat. Kali Uchis),"Tyler, The Creator, Kali Uchis",[2025],1
7aXuop4Qambx5Oi3ynsKQr,I Don't Mind (feat. Juicy J),"USHER, Juicy J",[2019],1
7eqNATKM78MkWP6aHGXHEV,Put Your Head on My Shoulder,Paul Anka,[2019],1
7aiClxsDWFRQ0Kzk5KI5ku,hot girl bummer,blackbear,[2020],1
7ang2G6KAVl0lTRWzm4RWv,Vibin',Kesh Kesh,[2019],1
7btQ8AOjr6zXoGHEmxL5u5,Vibe,Cookiee Kawaii,[2020],1
7bxyNLXYaEYaZTxAuQTHlD,TUCA DONKA,"CURSEDEVIL, DJ FKU, Skorde",[2024],1
7eJMfftS33KTjuF7lTsMCx,death bed (coffee for your head),"Powfu, beabadoobee",[2020],1
7eJnqjloMsQGrYOYIfDNTR,run run run (slowed + reverb),rebug,[2024],1
6piAUJJQFD8oHDUr0b7l7q,VALENTINO,24kGoldn,[2020],1
6nH7G7zImTcBpqRMIPeHLK,Hands up!,"6arelyhuman, kets4eki, Pixel Hood",[2024],1
5r9aVTAfQ2csU5vSUBeYRp,THE DEVIL WEARS PRADA,"PLVTINUM, Shaker, Vana",[2025],1
6EpU2zxfZU13uKlSbdPmHE,New Magic FNAF,stxr29,[2022],1
67cpn8ZBO7QU67jky8Fh47,How You Feel? (Freestyle) (feat. Lil Yachty & Ski Mask The Slump God),"DJ Scheme, Danny Towers, Lil Yachty, Ski Mask The Slump God",[2019],1
67smGwuPEtA6GAfeweAVNO,SLAY!,Eternxlkz,[2024],1
684yJVwS41anCimZla5jk9,The Automotivo Infernal 1.0 - Purple,"MRL, Mc Gw",[2024],1
68NddryKBycFryRVkUXjyJ,TELL EM,"yoitsvic, Cochise",[2021],1
6AI3ezQ4o3HUoP6Dhudph3,Not Like Us,Kendrick Lamar,[2025],1
6DyMrh39uJ04o3S1uZdpg4,Give It To Me - Sped Up Remix,"Timbaland, Justin Timberlake, Nelly Furtado",[2024],1
6FeaswxFAqcG82qpotCNna,Who's That Girl?,Visibly True,[2025],1
66vs64VphiHrtFcLR6Qeav,Talkin' Bout (feat. Saweetie),"Loui, Saweetie",[2021],1
6G2psrvm6JGBYrsuMYG0dz,Close to You (feat. Sadie Rose Van),"LMNT 115, Sadie Rose Van",[2025],1
6MpCaSIOfqBqbMED4kXgNY,Prom Queen,Beach Bunny,[2019],1
6MzofobZt2dm0Kf1hTThFz,Diet Pepsi,Addison Rae,[2025],1
6N22FZs2ZhPBYi3b9XPajV,Still Don't Know My Name,Labrinth,[2020],1
6OYt65uojulET7Kv7BRRrP,Milkshake,BBY KODIE,[2021],1
6Ozh9Ok6h4Oi1wUSLtBseN,BOP,DaBaby,[2020],1
67BtfxlNbhBmCDR2L2l8qd,MONTERO (Call Me By Your Name),Lil Nas X,[2021],1
63Pi2NAx5yCgeLhCTOrEou,Headlock,Imogen Heap,[2025],1
6PFgvUkdZxGAjcdzIQugZt,Who Is She / Devil's Work (Medley),Sviral.,[2024],1
5vNRhkKd0yEAg8suGBpjeY,APT.,"ROSÉ, Bruno Mars",[2025],1
5reQI13tWWYDLMrGcUF4Mk,Nuestra Canción,"Monsieur Periné, Vicente Garcia",[2021],1
5s6QMzY5oeVaOVJJsb59Tj,I'm Sorry,Swell,[2019],1
5sGb7vB83MhpdZsx1tEIYH,Eyes. Lips. Face.,"iLL Wayno, Holla FyeSixWun",[2019],1
5toKOQ86ydhA5UJ8DfENzy,Running Away,"VANO 3000, BADBADNOTGOOD, Samuel T. Herring",[2022],1
5uQ7de4EWjb3rkcFxyEOpu,Belong Together,Mark Ambor,[2025],1
5vGLcdRuSbUhD8ScwsGSdA,Whoopty,CJ,[2020],1
5wA5mA9v9lPxAaSg1FagG6,Big And Chunky,will.i.am,[2019],1
6393yGahSJ9slVdOwSxOVR,Pink Pony Club,Chappell Roan,[2025],1
5zNW5ARjYhJQJz1AChP33n,Thot Shit,Megan Thee Stallion,[2021],1
609D2bCBNzawQXSRaTnFrx,CUTE DEPRESSED,Dyan Dxddy,[2024],1
629DixmZGHc7ILtEntuiWE,LUNCH,Billie Eilish,[2025],1
62aP9fBQKYKxi7PDXwcUAS,ily (i love you baby) (feat. Emilee),"Surf Mesa, Emilee",[2020],1
62bOmKYxYg7dhrC6gH9vFn,Bye Bye Bye - From Deadpool and Wolverine Soundtrack,*NSYNC,[2025],1
62ke5zFUJN6RvtXZgVH0F8,Only Love Can Hurt Like This,Paloma Faith,[2022],1
6PERP62TejQjgHu81OHxgM,good 4 u,Olivia Rodrigo,[2021],1
6QgkOxBXqVRjZ1JcIDbDYY,Booty Wurk (One Cheek At a Time) (feat. Joey Galaxy),"T-Pain, Joey Galaxy",[2021],1
6mapJIPnQ23RTAevUoE0DL,Swang,Rae Sremmurd,[2021],1
6i9DuNcQpRD9g62UqWPVsN,Satisfaction - Push Push Push - Slowed + Reverb,Eibell,[2024],1
6bzwoiUt0s1KDOedyy4OtQ,High School,"Nicki Minaj, Lil Wayne",[2021],1
6cVD6OQ3ZRAjcTkyrUCIYZ,Wannabe,why mona,[2022],1
6dOtVTDdiauQNBQEDOtlAB,BIRDS OF A FEATHER,Billie Eilish,[2025],1
6gBFPUFcJLzWGx4lenP6h2,goosebumps,Travis Scott,[2020],1
6gYCc3olxE5YjnIoF5CouN,Obsessed - Sped Up,Six Dior,[2024],1
6gi6y1xwmVszDWkUqab1qw,OUT WEST (feat. Young Thug),"JACKBOYS, Travis Scott, Young Thug",[2020],1
6iLprfeUnVbUbWOZecTKCC,Shh,Young Fanatic,[2019],1
6brhQDeHFhQ9OcSs0qo91x,BAIXO - slowed,xxanteria,[2024],1
6ic8OlLUNEATToEFU3xmaH,Gimme More,Britney Spears,[2021],1
6kx8Hf1Udk4V0Ivq6zpoyG,Crystal Dolphin,Engelwood,[2020],1
6llBOJ6HLHvlVnKeZqhXk8,Rumors,Jake Miller,[2020],1
6lq0OqAXfxnwtFGqdARtRU,fast,Sueco,[2019],1
6lruHh1jF7ezgbLv72xYmf,FML,Arizona Zervas,[2020],1
6maTPqynTmrkWIralgGaoP,If We Ever Broke Up,Mae Stephens,[2023],1
6bxKECVRnkLmtpeU22Ve9p,help_urself,Ezekiel,[2024],1
6bNB5gxFX6Q87DbQWb8OWZ,Waka Waka (This Time for Africa) [The Official 2010 FIFA World Cup (TM) Song] (feat. Freshlyground),"Shakira, Freshlyground",[2022],1
6Ql2mpc1EbGp0GI6CbaGT4,vampire heart,"Isak Roen, Key Kelly",[2024],1
6VObnIkLVruX4UVyxWhlqm,Skyfall,Adele,[2024],1
6RK3IsiUW6YaSMEodbO4tk,Solitude - Felsmann + Tiley Reinterpretation,"M83, Felsmann + Tiley",[2024],1
6Slt6WiWnriaqCb8xXb2ZT,Did It On’em,Nicki Minaj,[2021],1
6T689Jvh5KrSXyaPtUWZtQ,Criminal,Britney Spears,[2019],1
6TEiFwaiHERpdfG6WnGed1,New Flesh,Current Joys,[2019],1
6UelLqGlWMcVH1E5c4H7lY,Watermelon Sugar,Harry Styles,[2020],1
6Uj1ctrBOjOas8xZXGqKk4,Woman,Doja Cat,[2021],1
6WHSNH8PhDHbpYxg4I181o,Sunroof,"Nicky Youre, hey daisy",[2022],1
6axvnGwB3rtoriGI1lPhTz,Chinese New Year,SALES,[2019],1
6WatFBLVB0x077xWeoVc2k,Si Antes Te Hubiera Conocido,KAROL G,[2025],1
6WrI0LAC5M1Rw2MnX2ZvEg,Don't Start Now,Dua Lipa,[2020],1
6XjDF6nds4DE2BBbagZol6,Gata Only,"FloyyMenor, Cris Mj",[2025],1
6ZaiqbV2GfUtrUlhsu58fN,Step On Me,The Cardigans,[2022],1
6aHoPULNO7pSL2ZfUY0bU8,Knock Knock,SoFaygo,[2021],1
6ap9lSRJ0iLriGLqoJ44cq,CITY OF ANGELS,24kGoldn,[2020],1
3uwnnTQcHM1rDqSfA4gQNz,Cool for the Summer,Demi Lovato,[2022],1
3rczahbwbv3f0vukBspaRn,SMOKE IT OFF - Sped Up,"Lumi Athena, jnhygs",[2024],1
01aBUgzGC5798sm3oPqhVs,Kurxxed Emeraldz,Luci4,[2021],1
1Q68oodivzKjIDnPTXFy83,Memory Reboot,"VØJ, Narvent",[2024],1
1N8TTK1Uoy7UvQNUazfUt5,SPIT IN MY FACE!,ThxSoMch,[2024],1
1O7SgljyD4TA7RIRPgivCZ,Hate the New Kanye,Ren0wned,[2022],1
1Oi2zpmL81Q0yScF1zxaC0,"Bills, Bills, Bills",Destiny's Child,[2021],1
1PNBqEIxQmeyP2uqpWtV2M,Gordon Ramsay,"HL Wave, Jhonny Flames",[2019],1
1PmXm1881bonBI1AlG5uaH,"Livin' in the Sunlight, Lovin' in the Moon Light",Tiny Tim,[2019],1
1PtQJZVZIdWIYdARpZRDFO,Running Up That Hill (A Deal With God),Kate Bush,[2022],1
1QL7nSDZCwZMnbisV4KOXt,t r a n s p a r e n t s o u l feat. Travis Barker,"WILLOW, Travis Barker",[2021],1
1LY3GhF0zxIVgbYEQjCbUO,The Sound of Silence - CYRIL Remix,"Disturbed, CYRIL",[2025],1
1QxcWlk8PivolUaWcpAoNq,Who Is She ?,I Monster,[2022],1
1RGIjMFMgJxkZHMDXVYzOJ,Bartender (feat. Akon),"T-Pain, Akon",[2021],1
1SKPmfSYaPsETbRHaiA18G,Somewhere Only We Know,Keane,[2022],1
1ThmUihH9dF8EV08ku5AXN,Faucet Failure,Ski Mask The Slump God,[2019],1
1UXBbmjIrxjckrbv5EfSVT,Tell Me Something I Don't Know - Soundtrack,Selena Gomez,[2019],1
1VDMwC7FdXCbeVCpeKUYjg,TOXIC,YOUNGX777,[2024],1
1LYP0yAn8LEHvazWYdAfp0,YRN - Remix,"Eduardo Luzquiños, EZRA",[2021],1
1LGv7Ah6TXp1soAAIzzuGC,The Muffin Song (asdfmovie),"The Gregory Brothers, TomSka",[2019],1
1VpKOZ6nnap41hh5CbY8gJ,Obsessed,Addison Rae,[2021],1
1Es7AUAhQvapIcoh3qMKDL,Timeless (feat. Playboi Carti),"The Weeknd, Playboi Carti",[2025],1
1BJJbSX6muJVF2AK7uH1x4,Move,"Adam Port, Stryv, Keinemusik, Orso, Malachiii",[2025],1
1BYZxKSf0aTxp8ZFoeyM3d,we fell in love in october,girl in red,[2019],1
1BxfuPKGuaTgP7aM0Bbdwr,Cruel Summer,Taylor Swift,[2025],1
1CF5kzz5XDBAL24wtVyyTJ,Take Your Man,Mahogany Lox,[2019],1
1CPSRRXGTQVgc1DIRWmLcg,Wasted (Nightcore) [Bass Boosted],"Murkish, Huken, harmony haven",[2024],1
1Cv1YLb4q0RzL6pybtaMLo,Sunday Best,Surfaces,[2020],1
1F1QmI8TMHir9SUFrooq5F,Buff Baby,tobi lou,[2019],1
1K4OfBFaLleSUaUVjp1l2X,Tunnel of Love,"ilyTOMMY, Savage Ga$p",[2019],1
1FOINGDWa0dPgCpMabLT4Y,fast,Sueco,[2020],1
1Fid2jjqsHViMX6xNH70hE,Atlantis,Seafret,[2022],1
1G5ho820Xi2Qu3HsBZ26ft,Womp Womp,"Valee, Jeremih",[2019],1
1GLcGInllpE4JUTStzaCOM,My X,Rae Sremmurd,[2021],1
1IPHnu3hVkawJMzkP97tcm,Sleepwalker,"akiaura, LONOWN, STM",[2024],1
1JgknGBbrfmEHeOZH051SS,ecstacy (slowed),SUICIDAL-IDOL,[2024],1
1VJwtWR6z7SpZRwipI12be,Candy,Doja Cat,[2020],1
1XXimziG1uhM0eDNCZCrUl,Up,Cardi B,[2021],1
1Adhz5VVDZxhojOLfQQUxa,Not Around,Nova,[2021],1
1mvZErZBp7WZT3HfGBykao,Cry for You,September,[2020],1
1kK6DwzyXJSp58u5HYWwuD,"Go Loko (feat. Tyga, Jon Z)","YG, Tyga, Jon Z",[2019],1
1kaU2OVc5Zj1uFaw50W8ZE,Smoke,"Cowbell Cult, Joehdah",[2024],1
1lOe9qE0vR9zwWQAOk6CoO,Ransom,Lil Tecca,[2019],1
1lb3H41lbvAN28N7yqRNL9,Idea 10,Gibran Alcocer,[2024],1
1mCsF9Tw4AkIZOjvZbZZdT,Break My Stride,Matthew Wilder,[2020],1
1musbempyJAw5gfSKZHXP9,Anxiety,Doechii,[2025],1
1nOrmN6H9MmEzSTU024eAX,Cool Kids,"Toby Rose, TWOPILOTS",[2025],1
1jaTQ3nqY3oAAYyCTbIvnM,WHATS POPPIN,Jack Harlow,[2020],1
1nrsFfACPG4Hnw5AuOpCND,Smack a Bitch,Rico Nasty,[2019],1
1od1X5xo9irXLqPHB0xOrp,Everlong - TikTok Version,GUTZ,[2024],1
1odExI7RdWc4BT515LTAwj,Daylight,David Kushner,[2025],1
1qYM274Q2i3Ssu4zSdzRu9,"Jump Up, Super Star!","VGR, Jenny",[2019],1
1tF1J2fK1F9iQ8UUD1Iai5,Kill the Director,The Wombats,[2020],1
1tRlGMHsf21FDo6pja27YN,Walked In,Ultradiox,[2020],1
1kJSda5yj2yM7NLXItqgZD,Diamondz n Roses (Back It Up!),VaporGod,[2024],1
1iSqfoUFnQwV0QW1EfUit8,Suicidal,YNW Melly,[2020],1
1Xq4fBayQtSJlcYZsPDY4C,Dancin - Krono Remix,"Aaron Smith, Krono",[2020],1
1ZuNmHmJn8QiS9kRYZuLNJ,Wait a Minute!,WILLOW,[2020],1
1XyL3J7eTTKnxRZAM3LqIT,Beggin (original version),Madcon,[2019],1
1XyzcGhmO7iUamSS94XfqY,The Feels,TWICE,[2021],1
1Y3LN4zO1Edc2EluIoSPJN,Until I Found You (with Em Beihold) - Em Beihold Version,"Stephen Sanchez, Em Beihold",[2022],1
1YLulCkIocAKDTPFths9at,Renai Circulation (English Cover) [2012 TV Size],"Lizz Robinett, L-Train, Y. Chang",[2021],1
1YkMJr3IwSLmMpcsBI5KWS,Brian is the Most Beautiful,Memo Boy,[2024],1
1ZLroqJA8qoS5QEeCo0fA7,Breezeblocks,alt-J,[2022],1
1bJRd2ey6ER7neSxZwYdAG,Kisses (feat. bbyclose),"BL3SS, CamrinWatsin, bbyclose",[2025],1
1iGMkoOMGiLiOEFC3ELNUb,falling in love.,ShadowStep,[2022],1
1c6d99yhgZmHyJOLF9E2oK,Never Let Go (Of Me) - Slowed,Baltra,[2024],1
1dtTRXifeGC51adYy0902s,Bad Boy,"Yung Bae, bbno$, Billy Marchiafava",[2020],1
1fp1tsLHqwy1Aj40GVyqVX,party addict,"kets4eki, Nosgov, kojo",[2024],1
1gGeEcwqBNxVqjzjAWvS4N,Green Green Grass - Sped-Up,George Ezra,[2023],1
1ghvzmzpx2nnrbx7wtpMgo,Cyber Sex,Doja Cat,[2020],1
1i36kkhmhBxf4lYJscg5zK,Fantasy,Bazzi,[2020],1
1B75hgRqe7A4fwee3g3Wmu,U Can't Touch This,MC Hammer,[2021],1
1AXJqw8lCf3chqvgq4U8mA,FUCKBOY,Dixie,[2021],1
3rUGC1vUpkDG9CZFHMur1t,greedy,Tate McRae,[2025],1
0WKmVAD4VWk5EdTyCFILi4,Needs,Verzache,[2019],1
0RuRRdX351QPb9fOMHB8bF,Somebody That I Used To Know - 4Frnt remix,"Gotye, Kimbra",[2020],1
0SsPgsmqf7rhx3XkDRhm24,My Stupid Heart - Kids Version,"Walk off the Earth, Luminati Suns",[2023],1
0TvHrcLqLrQxAmT8ILd21V,Call Me - Slowed,plenka,[2024],1
0V3wPSX9ygBnCm8psDIegu,Anti-Hero,Taylor Swift,[2022],1
0W2275seLSrfjHxeWmDb6l,Aleph,Gesaffelstein,[2024],1
0W6I02J9xcqK8MtSeosEXb,Get Into It (Yuh),Doja Cat,[2021],1
0WPYdlA05STEYRYVpBpcW3,Parent Issues,Двузер,[2024],1
0Q2n5yzl2XRqYbV77tZNYp,GOODMORNINGTOKYO!,TOKYO’S REVENGE,[2020],1
0WSa1sucoNRcEeULlZVQXj,Can You Feel My Heart,Bring Me The Horizon,[2024],1
0WbMK4wrZ1wFSty9F7FCgu,"Good Luck, Babe!",Chappell Roan,[2025],1
0WpDeBJ22LcwF4QoERQOTv,Hungry Hippo,Tierra Whack,[2019],1
0X4YYZtZcvqNqYIpMd93IT,i was only temporary,my head is empty,[2024],1
0Y08zhvCal5BZZNS0RqBFN,Just Did a Bad Thing,Bill Wurtz,[2019],1
0ZNWpgMQEM2xLJFgOJU952,Jump - Sped Up,CMDV,[2024],1
0RjG5JmdOWXAR68dGlKBA5,Hidden In the Sand,Tally Hall,[2022],1
0PFxreXPMlzz74HGL4AtVC,Poison (feat. Krept & Konan) - Zdot Remix,"Rita Ora, Krept & Konan, Zdot",[2021],1
0ceuoClMDzpyl6I6OkGgtg,She Knows (feat. Amber Coffman & Cults),"J. Cole, Cults, Amber Coffman",[2021],1
0BjEQJZy4rfUNpKHiaYirL,Runway,Stunna Girl,[2019],1
02GHdeyoo4o6BjyQmTQHKX,HoneyBee,Steinsdotter,[2025],1
02ZecXkNqifNkgbRfQME6T,MONTAGEM ABISMO,RXPOSO99,[2024],1
02kDW379Yfd5PzW5A6vuGt,Lemonade,"Internet Money, Gunna, Don Toliver, NAV",[2020],1
04S5441cZXHu55Xx2wvwIh,Literal Legend,Ayesha Nicole Smith,[2021],1
05EG9LwFCVjkoYEWzsrHHO,Legend,Tevvez,[2024],1
07KXEDMj78x68D884wgVEm,High Fashion (feat. Mustard),"Roddy Ricch, Mustard",[2020],1
0EKbMWOt2ZwdEcqgRpLHaC,Asshole,hooligan chase,[2019],1
0OFknyqxmSQ42SoKxWVTok,Un Poco Loco,"Anthony Gonzalez, Gael Garcia Bernal",[2019],1
0EqczV3o6fwksegAavIHpX,LOVELY BASTARDS,"ZWE1HVNDXR, yatashigang",[2024],1
0F7FA14euOIX8KcbEturGH,Old Town Road,Lil Nas X,[2019],1
0FzPlWZ3iwXnMZ43Pp65b6,SEQUÊNCIA ILUMINANTE (SPED UP),"Y1LIAS, RXPOSO99, DJ FLG",[2024],1
0L9UrfPQqW49ZU0sDNAs47,Levan Polkka,"Braaheim, Den BB",[2025],1
0MMyJUC3WNnFS1lit5pTjk,"jealousy, jealousy",Olivia Rodrigo,[2021],1
0MnTkIEP4zZN1IUSu8MvIz,Tek It - Sped Up,Cafuné,[2022],1
0ZQGrvQ40GfRfUplrTK7Qx,(I Just) Died In Your Arms,"Toby Rose, One Trick Pony, Filip Anthony",[2025],1
0cu0rhnlCnJ7JIeHRiLpj3,Ball If I Want To,DaBaby,[2021],1
18ddJHQ7CUzNBiy55L0Xjj,WFM,RealestK,[2021],1
10hMM5nsZQf66ldBlgWBfG,All For Us - from the HBO Original Series Euphoria,"Labrinth, Zendaya",[2022],1
0w5Bdu51Ka25Pf3hojsKHh,Hard Times,Paramore,[2020],1
0y60itmpH0aPKsFiGxmtnh,Wait a Minute!,WILLOW,[2019],1
0yNiaePZow0ycdrmLV0J7y,1985,Bo Burnham,[2022],1
0zO8ctW0UiuOefR87OeJOZ,Collard Greens,"ScHoolboy Q, Kendrick Lamar",[2021],1
1000nHvUdawXuUHgBod4Wv,Panini,Lil Nas X,[2019],1
10Cz9HJGb3NoUxJc5CBiVD,Marriage Story,"Max Wassen, Victoria Voss, French Fuse",[2025],1
11ZulcYY4lowvcQm4oe3VJ,Slumber Party (feat. Princess Nokia),"Ashnikko, Princess Nokia",[2021],1
0t7fVeEJxO2Xi4H2K5Svc9,Send My Love (To Your New Lover),Adele,[2021],1
127QTOFJsJQp5LbJbu3A1y,Toosie Slide,Drake,[2020],1
12MHGsecu33PA1aUpsV3W0,HYPNOTIC DATA - Slowed & Reverbed,"ODECORE, Odetari",[2024],1
13P5rwmk2EsoFRIz9UCeh9,Cool Kids,Echosmith,[2022],1
14msK75pk3pA33pzPVNtBF,7 rings,Ariana Grande,[2019],1
15HMh4yxdf4wyxSZSlOgGZ,SAD GIRLZ LUV MONEY Remix (feat. Kali Uchis and Moliy),"Amaarae, Kali Uchis, MOLIY",[2021],1
17phhZDn6oGtzMe56NuWvj,Lose Control,Teddy Swims,[2025],1
0tZkVZ9DeAa0MNK2gY5NtV,Baby I'm Yours,"Breakbot, Irfane",[2019],1
0skYUMpS0AcbpjcGsAbRGj,Pink Venom,BLACKPINK,[2022],1
0dqSkkJ03ZYWDot5wPR0fz,Hundred Miles (Sped Up Version),"YALL, Gabriela Richardson",[2023],1
0k2GOhqsrxDTAbFFSdNJjT,Temperature,Sean Paul,[2021],1
0ecC8p17cDNlxHXkuYqeR6,Surrender,Natalie Taylor,[2020],1
0efL46uAuNEfukXQYsbPlX,LMK,Lil Xxel,[2020],1
0fySG6A6qLE8IvDpayb5bM,VIBEZ,DaBaby,[2020],1
0h3Xy4V4apMraB5NuM8U7Z,Stumblin' In,CYRIL,[2025],1
0hSzixwdKTfDQewDKq2cP5,You Reposted in the Wrong Neighborhood I Glue70 Mashup,Shokk,[2019],1
0hkR93a0LriV2CQUhSXw3h,Lights Down Low (feat. Waka Flocka Flame),"Maejor, Waka Flocka Flame",[2021],1
0mO6oS60RST2sWmN2FKknP,One More Hour,Tame Impala,[2022],1
0sTlGEld0h8kIPZaKDYUf4,Notion,The Rare Occasions,[2022],1
0mflMxspEfB0VbI1kyLiAv,Stick Season,Noah Kahan,[2025],1
0mqwy4F15RZJEKcminUvrl,GOOD LOYAL THOTS - Instrumental,"ODECORE, Odetari",[2024],1
0nbXyq5TXYPCO7pr3N8S4I,The Box,Roddy Ricch,[2020],1
0nnxf8p851ZR49KFnGWVsB,Say Hey (I Love You),"Michael Franti & Spearhead, Cherine Tanya Anderson",[2019],1
0peDcDwrKV0LEeoQuSQVLG,Breath,"pluko, pronouncedyea",[2020],1
0sHFw13WH3LtSB3yP8UMYJ,Falling for U,"Peachy!, mxmtoon",[2019],1
1ujxjsoNvh4XgS2fUNwkZ2,Space Song,Beach House,[2022],1
1xFfbxmfenEpn4WawGWXiA,Walk Man,Tiny Meat Gang,[2019],1
1xK59OXxi2TAAAbmZK0kBL,Romantic Homicide,d4vd,[2022],1
3FhBQdBnnsxka6vGVcgCpX,Steppin',"Supa Dupa Humble, Mills Supreme",[2019],1
3BOQDjSv5ANlwvK97WDSyK,Kerosene - Slowed,fam0uz,[2024],1
3CTZlHDyGpbzNyRCsPbdMK,#Twenty,ITZY,[2021],1
3DICBZOMaEWbCxwUfPGcE5,Everywhereigo,Babyxsosa,[2021],1
3Dv1eDb0MEgF93GpLXlucZ,Say So,Doja Cat,[2020],1
3EaJDYHA0KnX88JvDhL9oa,Dark Red,Steve Lacy,[2022],1
3Fcfwhm8oRrBvBZ8KGhtea,Viva La Vida,Coldplay,[2025],1
3FjK86616FbluOfTxNK2gY,ANXIETY (feat. Doechii),"Sleepy Hallow, Doechii",[2025],1
3B9vJvi2Z6ws4wjNTQMYAc,Mia Khalifa,iLOVEFRiDAY,[2019],1
3GYlZ7tbxLOxe6ewMNVTkw,TV,Billie Eilish,[2022],1
3GZoWLVbmxcBys6g0DLFLf,Supalonely (feat. Gus Dapperton),"BENEE, Gus Dapperton",[2020],1
3HVJbdz0V402U5YggQK4Ao,Touch It,Busta Rhymes,[2021],1
3HVWdVOQ0ZA45FuZGSfvns,I Don't Care (with Justin Bieber),"Ed Sheeran, Justin Bieber",[2019],1
3JTMWdhcJPiegDSe7SvZS3,Cannibal,Kesha,[2020],1
3JTjLyrnevl9ASw3ayGO2P,GUY.exe,Superfruit,[2022],1
3BJe4B8zGnqEdQPMvfVjuS,Summertime Sadness,Lana Del Rey,[2022],1
3B228N0GxfUCwPyfNcJxps,Cupid – Twin Ver. (FIFTY FIFTY) – Sped Up Version,sped up 8282,[2023],1
3MjUtNVVq3C8Fn0MP3zhXa,...Baby One More Time,Britney Spears,[2020],1
360Wr96ywrCQq4kTAJ8Pq6,Pacify Her,Melanie Martinez,[2022],1
30l31DirTxcg4NaAY1BHlS,Fangs - Slowed Down,Dionnysuss,[2024],1
314fwpO5U3cwgNseLVhwdu,Jeanie,"The Kooks, lovelytheband",[2025],1
31OrB8LJQ7RThfDqymoph4,Wonderland,Deco Halo,[2025],1
31nfdEooLEq7dn3UMcIeB5,Vois sur ton chemin - Techno Mix,BENNETT,[2024],1
34XxxBJFWQ0K4NT8WKlTTm,Me Gustas Tu - Sped Up Version,spedup trends,[2023],1
35ISBknsCeZQtq66xABI9g,Messy,Lola Young,[2025],1
37l31PrCNsg8baUjarNAi9,I Can't Handle Change,Roar,[2022],1
3AaiEsiqHO2ylnnOdWninE,Flamingo,Kero Kero Bonito,[2019],1
37s8uwIjw72XfMseKJXNOO,Rockefeller Street (New Nightcore) [#Rockefellerstreet Remix],Getter Jaani,[2019],1
37y7iDayfwm3WXn5BiAoRk,Dark Red,Steve Lacy,[2021],1
39Yp9wwQiSRIDOvrVg7mbk,THE SCOTTS,"THE SCOTTS, Travis Scott, Kid Cudi",[2020],1
39iXVhjG4afMOcufmUP5A4,Sweet Little Buble Bee (Speed Up) - Remix,Music Factory,[2023],1
3A0ITFj6kbb9CggwtPe55f,Venom,Little Simz,[2021],1
3AEgic4yp82NxMWUjHtxnO,Uno,Ambjaay,[2019],1
3McAq7FX81QzdpueW2CT1F,under the surface,Alma Owren,[2025],1
3Nhfs2Cx7z2JWHetYkzSfO,My Heart Went Oops,Tiagz,[2020],1
1xzi1Jcr7mEi9K2RfzLOqS,CUFF IT,Beyoncé,[2022],1
3jjsRKEsF42ccXf8kWR3nu,Washing Machine Heart,Mitski,[2022],1
3ggtU1ZOKO8ZNiqPNyXGcm,Dinero,Trinidad Cardona,[2021],1
3h3pOvw6hjOvZxRUseB7h9,i wanna be your girlfriend,girl in red,[2020],1
3h5TiWTqGxjSjFrbruPFH9,Praise Jah In The Moonlight,YG Marley,[2025],1
3hWfKBt3n7j1xqIy6LA5ve,Astronomia,"Vicetone, Tony Igy",[2020],1
3hfvzrj13TtfKq8P3WG2Q1,CRYSTALS (Slowed),PR1SVX,[2024],1
3jRHehB5ulTMKfK5WaqDqc,What’s New,Megan Thee Stallion,[2021],1
3kDjamS2JmK2sa0ln4Q4Z3,SEQUÊNCIA MALÉFICA 1.0 - SPED UP,"RXPOSO99, Mc Delux",[2024],1
3fVIFpU3VdSEoR82DaYe79,Hey Julie! (feat. Lil Yachty),"KYLE, Lil Yachty",[2019],1
3koCCeSaVUyrRo3N2gHrd8,Let's Groove,"Earth, Wind & Fire",[2021],1
3nY8AqaMNNHHLYV4380ol0,Dick (feat. Doja Cat),"StarBoi3, Doja Cat",[2021],1
3pY4sdNgdUMc8y3qUJHc9I,dance! - sped up vers,"deyluvkirby, eddyoetty, фрози",[2023],1
3pbN3SGJott0Rgb5aE5kqc,Transgender,Crystal Castles,[2024],1
3pp3AjmdvmrGnQLJXqCHN7,Girl I Never Met,Carson Lueders,[2025],1
3qhlB30KknSejmIvZZLjOD,End of Beginning,Djo,[2025],1
3fVnlF4pGqWI9flVENcT28,Wildest Dreams,Taylor Swift,[2020],1
3fC7BKJN66Tyq44x6Try2R,Untitled #13 (Super Slowed),glwzbll,[2024],1
3QX8xjtd6J23ed0IYDPDhV,Verbatim - Slowed Down,Mother Mother,[2024],1
3Vr3zh0r7ALn8VLqCiRR10,Stargazing,Myles Smith,[2025],1
3QqYZWQLn0evKMIRlGJeeR,Bundles (feat. Taylor Girlz),"Kayla Nicole, Taylor Girlz",[2021],1
3QzAOrNlsabgbMwlZt7TAY,Ballin' (with Roddy Ricch),"Mustard, Roddy Ricch",[2020],1
3S7A85bAWOd6ltk6r2ANOI,U Are My High,DJ Snake,[2021],1
3U5JVgI2x4rDyHGObzJfNf,Unwritten,Natasha Bedingfield,[2025],1
3USxtqRwSYz57Ewm6wWRMp,Heat Waves,Glass Animals,[2021],1
3Vi5XqYrmQgOYBajMWSvCi,Need to Know,Doja Cat,[2021],1
3WOhcATHxK2SLNeP5W3v1v,Guess featuring billie eilish,"Charli xcx, Billie Eilish",[2025],1
3eekarcy7kvN4yt5ZFzltW,HIGHEST IN THE ROOM,Travis Scott,[2020],1
3Wrjm47oTz2sjIgck11l5e,Beggin',Måneskin,[2021],1
3XVmIdROnDyRdw2ABP1zHq,Every Breath You Take,Thundatraxx,[2025],1
3YJJjQPAbDT7mGpX3WtQ9A,Good Days,SZA,[2021],1
3Z2E9oEpRJJYxLn2mm4M9f,THIS YEAR (Blessings) - Speed Up,"Victor Thompson, Ehis 'D' Greatest",[2023],1
3dUP9IxCW5koTdtis5amXd,All The Time,"TWOPILOTS, AALLAR, Snoop Dogg",[2025],1
3dXLhWGgGEigv2J5BANl0A,Black Betty,Braaheim,[2025],1
2zbjlcLi1VQWqDNYdhyx1l,So Anxious,Ginuwine,[2021],1
2zAi85TQB7mLzl8P1ySAj9,Lost Umbrella,稲葉曇,[2021],1
2xql0pid3EUwW38AsywxhV,Reflections,The Neighbourhood,[2022],1
2FvD20Z8aoWIePi7PoN8sG,TOES (feat. Lil Baby & Moneybagg Yo),"DaBaby, Lil Baby, Moneybagg Yo",[2020],1
2BH3j05ZXWr5PR30sW079d,Crystals,Isolate.exe,[2024],1
2BITQ360Knh6qNAOqR7Dyq,Miss The Rage (feat. Playboi Carti),"Trippie Redd, Playboi Carti",[2021],1
2CGNAOSuO1MEFCbBRgUzjd,luther (with sza),"Kendrick Lamar, SZA",[2025],1
2DFi8rwHcVkTTgu7PULhtI,My Type,Saint Motel,[2020],1
2FDTHlrBguDzQkp7PVj16Q,Sprinter,"Dave, Central Cee",[2025],1
2FQrifJ1N335Ljm3TjTVVf,A Bar Song (Tipsy),Shaboozey,[2025],1
2GxrNKugF82CnoRFbQfzPf,i like the way you kiss me,Artemas,[2025],1
26xgfuQnTaa5UQJhdQACz6,Forget,Pogo,[2022],1
2HYvkdq6lpFXkVz9Tfqi8r,Big Gangsta,Kevin Gates,[2021],1
2IGMVunIBsBLtEQyoI1Mu7,Paint The Town Red,Doja Cat,[2025],1
2IePEfMAtqWS6rLXXFZIgI,"His & Hers (feat. Don Toliver, Lil Uzi Vert & Gunna)","Internet Money, Gunna, Don Toliver, Lil Uzi Vert",[2021],1
2K70ZV0Ls65Kkj0WUEfHlz,Kerosene,Crystal Castles,[2024],1
2LKOHdMsL0K9KwcPRlJK2v,After Dark,Mr.Kitty,[2021],1
2LPBUXKp9UvMUmVFVEbNdv,I Just Want A Roly Rollie Rolly,Lil Zay Poppin,[2023],1
27uj8wY486yzDkm45hue1e,#Twerkit,"Busta Rhymes, Nicki Minaj",[2021],1
26VSI78wkxL2TU7vTe5aox,Have a Heart,Cameron Sage From,[2025],1
2xLMifQCjDGFmkHkpNLD9h,SICKO MODE,Travis Scott,[2020],1
23RoR84KodL5HWvUTneQ1w,(It Goes Like) Nanana - Edit,Peggy Gou,[2024],1
20JtELGPfOAMq7FpUt8eSM,Yellow Hearts,Ant Saunders,[2019],1
21kOVEG3bDCVphKhXL8XmQ,Walk,Comethazine,[2019],1
2262bWmqomIaJXwCRHr13j,Sailor Song,Gigi Perez,[2025],1
22TFAU0e7WHAQFGzwneu1e,World Cup,IShowSpeed,[2022],1
22UDw8rSfLbUsaAGTXQ4Z8,American Boy,"Estelle, Kanye West",[2019],1
23Hoh8MTYIWj9DpVPLuyXw,Sonne - Best Part,Six Dior,[2024],1
23UBSdCPcsloNVmQZ508Zv,Sigma Boy - Сигма Бой,"Betsy, Maria Iankovskaia",[2025],1
26OhjtaTamFocE08t83ml6,"Psycho, Pt. 2",Russ,[2020],1
23V08GxMeaZNSf8Gy6KF6t,"Spooky, Scary Skeletons",Andrew Gold,[2019],1
24BYTj1tb5ovZcnIbtdTYD,Test & Recognise - Flume Re-work,"Seekae, Flume",[2024],1
24JMlL2qFIsUsfHC9YdmWo,FOOL PROOF,Justin Wilder,[2025],1
24Yi9hE78yPEbZ4kxyoXAI,Roses - Imanbek Remix,"SAINt JHN, Imanbek",[2020],1
25oOaleife6E2MIKmFkPvg,Relationship (feat. Future),"Young Thug, Future",[2020],1
267nfLfaSSDa9ivHncHynh,Breathe,Olly Alexander (Years & Years),[2020],1
2OzhQlSqBEmt7hmkYxfT6m,Fortnight (feat. Post Malone),"Taylor Swift, Post Malone",[2025],1
2PUKF7oK4yIONZfu5XQ14t,Love Game - Slowed,Bread Beatz,[2024],1
2QjOHCTQ1Jl3zawyYOpxh6,Sweater Weather,The Neighbourhood,[2022],1
2qSkIjg1o9h3YT9RAgYN75,Espresso,Sabrina Carpenter,[2025],1
2lDw4i3XG4GQamBWpETHg6,Obsessed With You x All About Him (Tik Tok Mashup) - Remix,Green Neon DJ,[2023],1
2lZHCWCUkxLuQ5skJhkoyS,Shooting Stars,Bag Raiders,[2019],1
2mlGPkAx4kwF8Df0GlScsC,Buttercup,Jack Stauber,[2019],1
2nC3QhMI9reBIOWutbU3Tj,Moral of the Story,Ashe,[2020],1
2nKIgJjtaf2SMMkNBEMy59,Attention,Todrick Hall,[2020],1
2plbrEY59IikOBgBGLjaoe,Die With A Smile,"Lady Gaga, Bruno Mars",[2025],1
2rMAtCaTj16NptyVfEIeAC,Cash Shit (feat. DaBaby),"Megan Thee Stallion, DaBaby",[2019],1
2Rb6nYmuLEblpq4KIAjngL,Freak Show,"Punkinloveee, H3artcrush",[2024],1
2slLXFcITuhf0oSp2wVJLv,Opaul,Freddie Dredd,[2020],1
2tnVG71enUj33Ic2nFN6kZ,Ride It,Regard,[2019],1
2uqYupMHANxnwgeiXTZXzd,Austin (Boots Stop Workin'),Dasha,[2025],1
2vXKRlJBXyOcvZYTdNeckS,Lost in the Fire (feat. The Weeknd),"Gesaffelstein, The Weeknd",[2021],1
2w5aTimRJjWefNoXaoCpd4,Until I Found You (Sped Up) - Heaven When I Held You Again How Could We Ever Just Be Friends,Hiko,[2022],1
2xCGBWfzTe8l2kvHpgvB6M,prom dress,mxmtoon,[2019],1
2ksyzVfU0WJoBpu8otr4pz,METAMORPHOSIS,INTERWORLD,[2022],1
2kJwzbxV2ppxnQoYw4GLBZ,If the World Was Ending (feat. Julia Michaels),"JP Saxe, Julia Michaels",[2020],1
2i2gDpKKWjvnRTOZRhaPh2,Moonlight,Kali Uchis,[2024],1
2gam98EZKrF9XuOkU13ApN,Promiscuous,"Nelly Furtado, Timbaland",[2021],1
2ePtv8MlBO9nuuXABqAfEX,SugarCrash!,ElyOtto,[2021],1
2e4jB31WcGsxKL1ByqdZCq,Sippy Cup,Melanie Martinez,[2022],1
2dHHgzDwk4BJdRwy9uXhTO,Creepin' (with The Weeknd & 21 Savage),"Metro Boomin, The Weeknd, 21 Savage",[2025],1
2c6I0LwlyTTM8Mj6ag0gd0,The Fallen,Caleb Bryant,[2024],1
2alc8VZAzDgdAsL2QMk3hu,Skechers,DripReport,[2020],1
2aEuA8PSqLa17Y4hKPj5rr,Cheri Cheri Lady,Modern Talking,[2024],1
2WgyOP8Z1D6GQYumCwH4Dk,Monster,Lady Gaga,[2020],1
2W4yABdLc4Jnds67Poi5Nl,Yellow Hearts,Ant Saunders,[2020],1
2VnMIUBC3Bj7SIcjCqfPx0,It's The Hard-Knock Life,"Quvenzhané Wallis, Zoe Margaret Colletti, Nicolette Pierini, Eden Duncan-Smith, Amanda Troya",[2019],1
2VDadIDCFgDqvVCvaDPtn9,Becky,Championxiii,[2019],1
2TwWtUP03Keytzaur7mifn,"Galactic Mermaid (From ""Carole & Tuesday"")","Kuraiinu, Lollia",[2019],1
2TeLIzFBe3hxkPR5FIQZut,Like I Can,Sam Smith,[2021],1
2Sh4sAOfnSHEVKFyysxzat,Can't Remember to Forget You (feat. Rihanna),"Shakira, Rihanna",[2021],1
7ytR5pFWmSjzHJIeQkgog4,ROCKSTAR (feat. Roddy Ricch),"DaBaby, Roddy Ricch",[2020],1
